{
  "Working Directory" : "$HOME",
  "Prompt Before Closing 2" : false,
  "Selected Text Color" : {
    "Green Component" : 0.96078431606292725,
    "Blue Component" : 0.52549022436141968,
    "Red Component" : 0.56078433990478516
  },
  "Rows" : 40,
  "Ansi 11 Color" : {
    "Green Component" : 0.94117647409439087,
    "Blue Component" : 0.42745098471641541,
    "Red Component" : 0.91372549533843994
  },
  "Use Italic Font" : true,
  "Foreground Color" : {
    "Green Component" : 0.96078431606292725,
    "Blue Component" : 0.52549022436141968,
    "Red Component" : 0.56078433990478516
  },
  "Right Option Key Sends" : 0,
  "Character Encoding" : 4,
  "Selection Color" : {
    "Green Component" : 0.31001487374305725,
    "Blue Component" : 0.69326639175415039,
    "Red Component" : 0.033376686275005341
  },
  "Blend" : 0.62612429887820509,
  "Mouse Reporting" : true,
  "Cursor Boost" : 0,
  "Ansi 4 Color" : {
    "Green Component" : 0.96078431606292725,
    "Blue Component" : 0.52549022436141968,
    "Red Component" : 0.56078433990478516
  },
  "Non-ASCII Anti Aliased" : true,
  "Sync Title" : false,
  "Disable Window Resizing" : true,
  "Description" : "gcaraciolo",
  "Close Sessions On End" : true,
  "Jobs to Ignore" : [
    "rlogin",
    "ssh",
    "slogin",
    "telnet"
  ],
  "Scrollback Lines" : 1000,
  "Flashing Bell" : false,
  "Cursor Guide Color" : {
    "Red Component" : 0.70213186740875244,
    "Color Space" : "sRGB",
    "Blue Component" : 1,
    "Alpha Component" : 0.25,
    "Green Component" : 0.9268307089805603
  },
  "BM Growl" : true,
  "Ansi 3 Color" : {
    "Green Component" : 0.90588235855102539,
    "Blue Component" : 0.36078432202339172,
    "Red Component" : 0.91372549533843994
  },
  "AWDS Window Directory" : "",
  "Link Color" : {
    "Red Component" : 0,
    "Color Space" : "sRGB",
    "Blue Component" : 0.73423302173614502,
    "Alpha Component" : 1,
    "Green Component" : 0.35916060209274292
  },
  "Use Non-ASCII Font" : false,
  "Shortcut" : "",
  "Background Image Location" : "",
  "Bold Color" : {
    "Green Component" : 0.54509806632995605,
    "Blue Component" : 0.43921568989753723,
    "Red Component" : 0.14117647707462311
  },
  "Use Cursor Guide" : false,
  "Unlimited Scrollback" : true,
  "Custom Command" : "No",
  "AWDS Tab Option" : "No",
  "Keyboard Map" : {
    "0xf700-0x260000" : {
      "Action" : 10,
      "Text" : "[1;6A"
    },
    "0x37-0x40000" : {
      "Action" : 11,
      "Text" : "0x1f"
    },
    "0x32-0x40000" : {
      "Action" : 11,
      "Text" : "0x00"
    },
    "0xf709-0x20000" : {
      "Action" : 10,
      "Text" : "[17;2~"
    },
    "0xf70c-0x20000" : {
      "Action" : 10,
      "Text" : "[20;2~"
    },
    "0xf729-0x20000" : {
      "Action" : 10,
      "Text" : "[1;2H"
    },
    "0xf72b-0x40000" : {
      "Action" : 10,
      "Text" : "[1;5F"
    },
    "0xf705-0x20000" : {
      "Action" : 10,
      "Text" : "[1;2Q"
    },
    "0xf703-0x260000" : {
      "Action" : 10,
      "Text" : "[1;6C"
    },
    "0xf700-0x220000" : {
      "Action" : 10,
      "Text" : "[1;2A"
    },
    "0xf701-0x280000" : {
      "Action" : 11,
      "Text" : "0x1b 0x1b 0x5b 0x42"
    },
    "0x38-0x40000" : {
      "Action" : 11,
      "Text" : "0x7f"
    },
    "0x33-0x40000" : {
      "Action" : 11,
      "Text" : "0x1b"
    },
    "0xf703-0x220000" : {
      "Action" : 10,
      "Text" : "[1;2C"
    },
    "0xf701-0x240000" : {
      "Action" : 10,
      "Text" : "[1;5B"
    },
    "0xf70d-0x20000" : {
      "Action" : 10,
      "Text" : "[21;2~"
    },
    "0xf702-0x260000" : {
      "Action" : 10,
      "Text" : "[1;6D"
    },
    "0xf729-0x40000" : {
      "Action" : 10,
      "Text" : "[1;5H"
    },
    "0xf706-0x20000" : {
      "Action" : 10,
      "Text" : "[1;2R"
    },
    "0x34-0x40000" : {
      "Action" : 11,
      "Text" : "0x1c"
    },
    "0xf700-0x280000" : {
      "Action" : 11,
      "Text" : "0x1b 0x1b 0x5b 0x41"
    },
    "0x2d-0x40000" : {
      "Action" : 11,
      "Text" : "0x1f"
    },
    "0xf70e-0x20000" : {
      "Action" : 10,
      "Text" : "[23;2~"
    },
    "0xf702-0x220000" : {
      "Action" : 10,
      "Text" : "[1;2D"
    },
    "0xf703-0x280000" : {
      "Action" : 10,
      "Text" : "f"
    },
    "0xf700-0x240000" : {
      "Action" : 10,
      "Text" : "[1;5A"
    },
    "0xf707-0x20000" : {
      "Action" : 10,
      "Text" : "[1;2S"
    },
    "0xf70a-0x20000" : {
      "Action" : 10,
      "Text" : "[18;2~"
    },
    "0x35-0x40000" : {
      "Action" : 11,
      "Text" : "0x1d"
    },
    "0xf70f-0x20000" : {
      "Action" : 10,
      "Text" : "[24;2~"
    },
    "0xf703-0x240000" : {
      "Action" : 10,
      "Text" : "[1;5C"
    },
    "0xf701-0x260000" : {
      "Action" : 10,
      "Text" : "[1;6B"
    },
    "0xf702-0x280000" : {
      "Action" : 10,
      "Text" : "b"
    },
    "0xf72b-0x20000" : {
      "Action" : 10,
      "Text" : "[1;2F"
    },
    "0x36-0x40000" : {
      "Action" : 11,
      "Text" : "0x1e"
    },
    "0xf708-0x20000" : {
      "Action" : 10,
      "Text" : "[15;2~"
    },
    "0xf701-0x220000" : {
      "Action" : 10,
      "Text" : "[1;2B"
    },
    "0xf70b-0x20000" : {
      "Action" : 10,
      "Text" : "[19;2~"
    },
    "0xf702-0x240000" : {
      "Action" : 10,
      "Text" : "[1;5D"
    },
    "0xf704-0x20000" : {
      "Action" : 10,
      "Text" : "[1;2P"
    }
  },
  "Ansi 14 Color" : {
    "Green Component" : 0.73848795890808105,
    "Blue Component" : 0.40489012002944946,
    "Red Component" : 0.42398831248283386
  },
  "Ansi 2 Color" : {
    "Green Component" : 0.64729022979736328,
    "Blue Component" : 1,
    "Red Component" : 0.23074191808700562
  },
  "Send Code When Idle" : false,
  "ASCII Anti Aliased" : true,
  "Tags" : [

  ],
  "Ansi 9 Color" : {
    "Green Component" : 0.19215686619281769,
    "Blue Component" : 0.18039216101169586,
    "Red Component" : 0.83137255907058716
  },
  "Use Bold Font" : true,
  "Silence Bell" : false,
  "Ansi 12 Color" : {
    "Green Component" : 0.49019607901573181,
    "Blue Component" : 0.82352942228317261,
    "Red Component" : 0.23529411852359772
  },
  "Window Type" : 0,
  "Use Bright Bold" : true,
  "Cursor Text Color" : {
    "Green Component" : 0.96078431606292725,
    "Blue Component" : 0.52549022436141968,
    "Red Component" : 0.56078433990478516
  },
  "Ansi 1 Color" : {
    "Green Component" : 0.13725490868091583,
    "Blue Component" : 0.12549020349979401,
    "Red Component" : 1
  },
  "Default Bookmark" : "No",
  "Cursor Color" : {
    "Green Component" : 0.12549020349979401,
    "Blue Component" : 0.43529412150382996,
    "Red Component" : 0.76862746477127075
  },
  "Name" : "Default",
  "Blinking Cursor" : true,
  "Guid" : "EB2ABDE6-26FE-48DF-9C77-8E2E0D3FBEA5",
  "Idle Code" : 0,
  "Ansi 10 Color" : {
    "Green Component" : 0.96078431606292725,
    "Blue Component" : 0.52549022436141968,
    "Red Component" : 0.56078433990478516
  },
  "Ansi 8 Color" : {
    "Green Component" : 0.96604609489440918,
    "Blue Component" : 0.53491455316543579,
    "Red Component" : 1
  },
  "Badge Color" : {
    "Red Component" : 1,
    "Color Space" : "sRGB",
    "Blue Component" : 0,
    "Alpha Component" : 0.5,
    "Green Component" : 0.1491314172744751
  },
  "Smart Cursor Color" : true,
  "Ambiguous Double Width" : false,
  "Blur Radius" : 3.098167067307692,
  "Ansi 0 Color" : {
    "Green Component" : 0.15017002820968628,
    "Blue Component" : 0.19177328050136566,
    "Red Component" : 0.078583046793937683
  },
  "Cursor Type" : 1,
  "AWDS Pane Directory" : "",
  "Blur" : false,
  "Normal Font" : "PTMono-Regular 12",
  "Vertical Spacing" : 0.94934817394578308,
  "Ansi 7 Color" : {
    "Green Component" : 0.27381426095962524,
    "Blue Component" : 0.69674980640411377,
    "Red Component" : 0.729411780834198
  },
  "AWDS Tab Directory" : "",
  "AWDS Pane Option" : "No",
  "Command" : "",
  "Terminal Type" : "xterm-256color",
  "Horizontal Spacing" : 1,